--
-- PostgreSQL database dump
--

-- Dumped from database version 12.1
-- Dumped by pg_dump version 12.1

SET statement_timeout = 0;
SET lock_timeout = 0;
SET idle_in_transaction_session_timeout = 0;
SET client_encoding = 'UTF8';
SET standard_conforming_strings = on;
SELECT pg_catalog.set_config('search_path', '', false);
SET check_function_bodies = false;
SET xmloption = content;
SET client_min_messages = warning;
SET row_security = off;

--
-- Data for Name: users; Type: TABLE DATA; Schema: public; Owner: developer
--

COPY public.users (email, created_at, updated_at, srp_salt, srp_verifier, public_key, encrypted_private_key, id, avatar_url, username, show_onboarding_card, email_verified, srp_pbkdf2_salt, master_key_pbkdf2_salt, is_in_beta_onboarding, last_active_at) FROM stdin;
john@example.com	2020-04-22 20:24:34.627	2020-04-22 20:24:34.627	c2f15701a057fe8b3d6730fbb4d3aab241e740d576165b9d58f703db28e0d2e3	43da3d3222263cd3c9f7d1914637163a34d1dc191d5600f411cde6c974d1744c6cbd0c14c75ea22daef51cec53b51ee0106b32a6c6ab3b63873f0457a182dbedfa4190b5d0d731a12f9b9b9262d692f6337d5437cb2fa2a89c6abf04c7b13e323a970d238e4201bc9a21a12adcdb3008a4aa25a447f87b62c2b1d368142f92e732ba157240e27b0435704dd100ffe3d008abbeffa537a28e77073809e87d8cd143c168fe1ce06a5b903d50fa17b63bb64533eefefb858bdd68539ec37994cef283265ba4a6bd97255bdf1540a3e95d04a7342acd6436c50b0e08259dd33bb44d0a2c1160097678d2cbc46169c0820699d6c4d41eb81c99ea620336f1b2302a01	MIICIjANBgkqhkiG9w0BAQEFAAOCAg8AMIICCgKCAgEA7DirHes7Ye3bmBbEgQIXtWD6Ci5nXX8VqmLl8ZFta6dwVTxI0ucAYYH456MmApl8yNwS2XoHPyGQf/mD2IRTj/NAAWjLM5cheVhZCQKYH9PEohJPAisdc2XERDEh5XMGxeGTCfRAPMGOhEGgE6FisJx4rSa3n15UmtpIihUWT/V7Ou/r3FE775kvTchYTjglPyAI76lHIkYizEjr6ZKLlKAJOOsb+og9GgThObDCQSsLZl+gZhgmDVsjAW7aYwcmrImBM+HiN+trvQnCLabXSlRL6U3LxBVb5P3yJu5T5mmwbvJOKYzPW9OTh9qgmX37Ql/nu4V9G1o70X3t0foIXdkXM0lBVFopf8XsuayK7LNGAivNit3Kxz6CSoF5rWwr+5lA1cvWiVBbgE6PeHbUyNrOGBlSfek9+Gz/r4jrQJMqV2cEUGIvxk901Gc996dKncDoRchkfjxJlqcy61PjnE+PsYRNew3j64vTcb204xeq4p359hA4dHv2FVrdFgDcAsm4TG0CXQLU1emxfLGJNzAoyNPvIZ5ogv6Wm8SLGJkUTPoF8ftOirHVohmmHNFLgCXCqk9TvdIQlVZNS8nE0tLVTfHwjYAKF9YKasfrUurOzkpRXMs90IavwLtipS/WA20ukmBTcvPQOWY1R2MAMhQatdvuX8PMa90E3ccj/EECAwEAAQ==	{"ciphertext":"xeRfWvOHuUlKJ8z4y2QFvF5QQNGjji6mDG4F9yzLWMXj035DEsHZgj5Q/I9eQYXwW3shnVI/aThku6Vyl8QBMK8Syr0PowKpFD+qc6O1JpfgrTNYkExIHxj0KTxMaTDnKXkBIZwQ3lpW8+xYzlz9TE4qGI7EMwQw3y0m9Yotzg9IcZtCLtDjSacdJ8mQN60d1yAv8YoC90iRTA9gvcHnqhLJZc6/z/jWB40W9HCO+xdP6qPmQfcVl+HvHzv0P7DKsZ3XnMFcjeiMz+FMz8fGc8nJjgkn6LYh29hyUtPWTkjzy6gyWJeWn5joTfQ5UZTmOcrYJ+Qa6rd8hyRuco1CV7dPotfY7QLEoxA8Om8KAund/Tvf1zIIDwv4GIiF0jCo6aWVvkNvAJ4ckhVMibaZXzi6Lg6Ju+ccSjlUW5RC4yk+eUQaDTGEgv5Mz10IlIKkRCj1FsIbicyIxrwBm2GuUbCSc9AWmZPA9JS1aoamO87Ogc29IRReGNPsCYXwlaS1LqlpKHi/a+lbG+eaIxWf5PtHdFz6GrAh14HpvI+rbZNwk7fw1MiVdZh8GFwLXd/QNzQAeSnaFSzRRnhdAepjAb3PbTyWhHg1kh1ti+EaujYKrzjWvyH4zWED2offhMWqpj2DEhTJZpF7XBSW8fUouSsX22x9M+riQDqT+vz93To3wJNZhA3zdtlaZ3OLcEy5su1agyNXKFadM76wcT8LX5kpPI8KTCMP/D9EOG1bke21bI1sOBjw6gWNlbTgNrf4DX1S81OAxo6p/Z/cXP6QXcaP/qBIpu+QIJQNPXUGbM1plV7gvHbOObBYEAUCc9QPCbMUktG96nUrTVMJD01PdVxyABdF1ecVMQVrU+YGacGZfM4HJ0G5V2ORo9wkghqgn6oiDE5rNjvbpLcd5KrMge02Pbg1rvTSbMHWdswJaV5aSPv1Q2+WUS8nRi1yuJ8dzsHNb5yKP6IoXKdArEhsjSYnSRIfPeDry5pJxT6QnTWsH8wxVP19B2DPT7MP4HleC4uE5HnsC2U+AdFL1F5CXZHK9fqVieTYocpS/jc+aSTdIlELlZ3wS9hVt26aUyCMxbQabBQNTYXBQYO11/Zp00GPWZTLqvpFQnxXHgrmT0jnvQ9Wct/7iPz1e/wxXkbzQH45PrRfpBKxq1hsTCfeHhJ7nITrSZZ/hYw6W+FwnxRIc+H2lzdI2YzqQdHh719/VAPn6MKdQ7PD3zTozbYepl674A9uWDzWkWO9OgZq4bdv+F1uuvcDqW/QlAae2AyEgOBPo8ViAdKpWbrdu3DAOsls0HoeF26sU3Gh/ePLIaha6SLj7d8Xrxg+oXQnSwqbbRNj9TNO1QWV0GepEto35Bfe6CavY4VqMKA10fDLdmhjPNQMztmQkOyzVIhuVnILGGNcm2yKinKb4tej9dbzdhOWY7a1+7AWysYUnhAKAkdI2Tf2FNVRMFdy+cayBLLi0xwH+TcAk/BvYS3BG74pzQkDzXJZqCuZUZnPwwFowMW6EMae7WUPJ6Y5pOtVvwCsUzs7HpYlfG7/ZZzITa7reinBa2CFZs+suS+2S7Hu3Rr300YfIRVXLtFaU+yZt6XtzhWjE4Lkli8eFnDq9h0v80M0HFzHZ7oDC2maHdQG8V74L76aU3zTY7XqMsF0XGXHZkZwqJUvA6XqnDtJteSrLLgkN4JTVfxFSrlV2TpiJNobs//qaV5GzIty+JPTUC0LI4KrDzqdDT6Vum/Dz4Gto0kWHRx+d3SI0FsoWxmIs7yYIAGVL3Qzy9FY5yw34x1AVZQsELQAcKzWstQc77iSKWFjmsgGQm7oKbZVhvDMTq1JlEY6pyj2U3kHgeDuIy1jUWgefnFCInlgP7EXbQ+3F1wtXWKc8pna/GBaTfjc2KgiNUlKAZP0MnM3Yk7wF3w2I+vhhta5xuDUS3/xTydETcGS54Og7eTlwl0mwOxvkIdUbFgyvTc0txm0GH5OSixHaKoJOQ4k9+ThygV5qSBZIkFJlcaKUdXhCh4uS8jI2HGR6nj4SFeRqJFiDo7Th62ud1+epnkSh1Q/MnFBRny8GqkxLFyFzKY/otR3zbm9eAOLMAVW4UhMdv0XkAQnvt9lBLiS9BRRUkBAjnMQgC/t3QPAkDXY3DQvnyE+lUuXveOG6y10NsrdxDxBsZy5CyfgIpoCDXo5wJU2eGvvuihiIzHnriXu9AIuYIc/4JoU0Ccs7fBwpmfyG30bVYIobE0WBJ3SHFRBuQ0QLXriPL+YX9ufElJpVxkvoQox2prAElMs/SW90C8wBSn9VJr8/NVPvKc0NqZxG95zrzlPrTwQYfwibNzIuJMa2+BTlJtUSbk5e+KBBIzkRNR06wTW3kesU4zMbztID9dk309x1jhY5n174/XFcCPU363iKVJwjitMZ6eMWuwAqz7SCSCuOv079d+DF/oe4E8EOSywXZj/BGp1ffmGMq+gPl4aEmZV3fPZ5nqGsXZpR7o9cgrUGecGLeZ61qUuBA+HT+VtVsU5xoA5htxCFKwQ9wWohFmhMYjjlTM8jW1m0shxm4b0vUPMGHWrTxeaBosLNK2J48YpQCLhqNgN4TxvRCvTk9sR0GAosLFuQiR5cmoaz0Al1aA1LKU/0G3lKWtVEGnlBze5tAfMeGfvcKFGFGsoN1943TX3OBjCh3Ffj8U1Kxsk6kx/9mtccfbUZ62MfFg+FO/2BpUutKuqiOCco5jg4anUan3r3JQmNxNQ1fhV98QVqOsiIn07sFnU1PCrxFkLeTxNoulcjiMhkuTuB4jheyhXFBIIdqyyyuuqYdf7FE9wbBY5y9VobujbKxJXe+LPcnS5f7FocS30WD0A8JCA2MVirAG/oxtqe8if8tvWBdsYv6v1UOP+51PL75IdH0uL5QNA0UacItTl0sH3aOaDXg1Aa/TWofdedh8MIy292+xYmYe4D5zJcULZ/ziiiJBYElcOdkTwzkOsrlNJn9h4Frwf4H15iWRfX4KT1uiTeZZCcZnxnWG0rSdH/0p6M4KLH8tVWQSdYBcSPbOAlRJFTkc0fMauIrHw2sd+b+/O9D0Z9B83bkalI3SpTNJVa9mDHB8rKIY5pV1ZFsV/WWD5t2Vr4JCZMwjkKe9mQg9JV2JHO2DgQfBQpOppr3aGbINtxGL+hk5d/uSVh6DuHs9uvYI30CAgAWIh1Wi4QSq2MNeV3qDt3qH2uYcFGrD6kdbmBbTXmB9j98Q9J5qyr+N9VvX6cr3hGZOiG6WMAdoKif3E43FDl0eETQP6NxGobZnOwQyj5D2aYpZ7Oty/CIgpttNfcna2MkFrXq5Ib6ZD3mAKKIKTYb+Afd/kVDXEtCW/2TElPw5O22t/wlc2JLtrpUNLoxuT672clWD2ov+r9ULRcrcswvNQgSnRyJv2Uiq9cHCvVv3DEiR3zIew9iDG68OMje6U2smtwtbKd+XsBdGu29xh0D/jckxREDHDuB0TtwyriicqhwbRDft2Ni4OhhjuaFeP6bwlbz8OflUIBs1kGPdzphHOrS0xoThhi784AhCZPUdVgCbTcPmYlMWEkYBSWkGH5yM4e3A8BiMrEdeYrGBazkaWLtc8cnNMjbUbnFI8cntnRlUVxEyJshLmFPCJFR0Uw+kgueCMjI77ormd8GjdtaJ8iGzax4baVpgDIiINDCfii2GxeqRQYs+9Wn4ccWGnDsGbJG+/ptL6Z33f4Fs4khN6pQYMHUVMv+d95CbOoERQ/DfjHuzIXds+7kGuig15Wo1atWgO/OYL6fTTO11wKI4rwf4xdQsx5yRxYnvKpdCHW/HJtLLYnwRIsVQXplf/v0emq4kAq7fVtHGMb8h+nypK1UJpnuzNla/DV0H+Xt8iqtrWA5Wck4QWfVm1nMdEePnLDaKSZWNzQNE38t3T7vTJfhtdAt9fia5/BC2MqePBlIaMNtADo7xTN690yWjfr8CE/shENWSAXXIJNLLgVXD9OPNnFpDiIN9UwsBGpVGBSynyqnWnRpyk85gSEkv0dYZDReVnZK6udrrgXeNAZghE1lB39QXWXQDypUf0SUIDcT97clgVYBQkRcFC0qNC4QggdPY96L2/XPQR+nALDBpDmF8TJb7Sqp/MKOhMxU/TbpR/VoJXMTPXvJ4fDr1K/eqNQxRWWqzYminwpd7Di//rzpp+DUxQ6zcTrt9mofHGWHjepoqH23vQKhwmapa+Mm4Nv6GCfxbvm4mZ/QmfHN8x8+WROqoBKJRIq8roFC9OOd7KcjPx/THdYVylZ6GzZ/8MkmeOuUkoxslsXefQm8XK9D47Kyed7vWecEdauwlf","iv":"eMrpxnjT01aSzmEp","salt":"TT+dtA7ZCYwgv+fo7CW2rg==","algorithm":"AES-GCM"}	e661f5dd-0fad-48b6-b966-ba21104f0e6d	https://dev--avatars.s3.us-east-2.amazonaws.com/3141553e-30a4-47cd-a457-81e6275d7fcb.jpg	john	t	t	c652f03b9f658d72f95b5872f5e5be6026e4227d59ebf7c1980dcaf9377e72f9	edebf573642a5e09c957da8ab6dc802d9e975cff20460757d3efd49bf0501269	f	2020-04-22 21:00:17.35
alice@example.com	2020-04-22 20:28:21.318	2020-04-22 20:29:38.325	773f135f4065a00f9dfc48611a12d300403a3a710d48751871b4ca34cd76291e	2af806f8e5a18a5be97fdb3a643e3c91b5d1acc33427880715bfbffcff33ed8204ce85479a7e74be58035037328454dbeee2445a03521a43903f427d895bf9955c6fa9e7bbe7bfaa8efbb2aa25400a5e435081f324e9dcf31786c5cecb04aab5c9340ec6a09c73c9ec2d595b8ee4c72706216b6101923672ba019d7bb24b98c00a5f0fc7a964f3702585cf621c2dec49b15bf7e2e2b35267ace433505496645f0f23285f0b6989677a6570e78219515d5f41a4af84936722dabb759ded8839bec3b5bb640f5edc9083ead034fe818b5476059e5ac629ece603bb2a464f1e42fa483514b52b49fea46161bd3d4e83e462a43b35058fbab540608ec14f4a7550d3	MIICIjANBgkqhkiG9w0BAQEFAAOCAg8AMIICCgKCAgEAlDaL6OWchz0gQR0vzlRuRBLoN8anR84vvsJzMzGjuz4bhA4kpdMm0VJ71MPAsZew4EKPO1iHc3D4DA2AUEO6qh0oRNJ3/JGC+tq4tvjs98+LqePSFRPg2xMAZF/RxY590i/aaZ7/jnuv38b9qmO0rrOw6u3gU40I4W69zRVxA9zdCN6pHOTqNtWDpyB3xVoQf9mY8/Blw/Z5ExTdVA4tLh/RmflYiXkifh+lyoPvpR1b+NPk4CGg0Sy0pb94z3BWkc8vwhXJ01UsGM2QIwoJe0qQzR2PxXLIUqUjEZlaO4SolYpy1qK9gGHYtU9nWJK3PAhbL65NGBFpEvo8ITEVRJE3P2txim6yVND/AM0gLLcMgZH0a+pyq1UWaxMOIFVG8GGOUwaULA98SMpcsMBaa5WM1sl56QZ65tlV3e+0UrQrokL3GHc2AHeFhg/NImVJ2rsqFhXWJqcaaGhpztojzScC5Fs85eKGqFh6k4HvYUm1h/FOoshr1Uu5mgFjqhRWD2utfZnD6/Z6RNeeKyOWnuk6zdl33Vf4FmNx96ngjWyOSy7+lQuqnv4t+AY3BoCvOiGzo9ngSFCqcLbpd4t2EM5pG/g44fZC578v2IZYVhToRZGj8cwn5HtNUqgFBsHmAr2yZUf4Kz4EUnYxct2NbOusoqlChPErF7qJQcRI8hsCAwEAAQ==	{"ciphertext":"MDzDH6+dNqBW613/ny+5GfGllGfYL9K71Uc5eC+ygma6LO3Z+6HvLKYvFD/rrdgFI24RwY3YOXBzg9+kAqimmSlfJPofPU0DC8vjj+3MddE8dg3h9DoeJjzpyIo8WJrUwHrrXmKAfYP2i79G9kyQwmqNwZiJy6Via0z7cO08A02dZcfbnGDJm5FY1xUWfvT6EdFaDIa95I/ThBqys18mEfqte2Cof+s4oSJfLMSiJBfTYlE4b2c2jPsDnvq2S2aWlIFQZwaNtrYW8MeLoluj/tYAKTL5gGIdAfSccoPegBbGJFxBlB1oLB5JY9Z0/RDV3qBUgXODVM9bo/XlHqGBc0wZimsD2R2qPJfX0MoPih7nLpohd9ueaLMxEZi5l9r+sB2fGx0Ybekm3Sd++Ldi/jzfsbt5El3d7GA7TxU33PNl32B8TTkB9O/L7baw7wGy4rr7X5YCavNrCTzNo15XEE/06Ie7CJkMSHV7ZzgYU8DLhJGPcZDdFTpim1cK9uQf4iP6fWB/ZzZT04HmPO72KqtbHqaoC9ajvFcVR+cRd43FDMJIPNdLKGA61501gBPP1KENFAWGBAcPeg+hXCFWkupVia9hJQQCtjONVJxGGhoRiX9233rx9pDT+CwQYI8DHZL5aEdE6utsL+lRtoEnWpTbzAz8H3in3ofYA/c/Iay4Jo0wdhaMbFwkTz9BbKAAeiahT6oICS6NlV1vVgnxFpkqYqvv6e4nGPjB6nBCc894tDM02CSQfunGHE4lzU+zQUbwfUe62kKXeZ8MhmF0tnKL8ZkzF4JljW/o6v10LSfvkwYZXeDJ37IDV4BeU5Pl3VX/+w616Iio03ap5Vc/q3QPsexeVV6vD8wrwkyWLl5vJBTLWKKYS3GH+ECityVOeUbppDdf9y9ST3vuRXl7bzEPoDo7U85uCzlVBZmk4qk5PLKouQOJ5Y4R/c2iSBFU8RBPhuzE8f1ZOzMrYPgsQqW2K1Uk2lFoC2FjzhuZ20hC++Egb9f94ciJhZo7x2bK6Sx1mzSTn9K2OMtKOL36gvMBqVRlXBlANNDg7rQt4TkS7QSVzGViioJZ6Xirzb1kqGp/ILn3TLcxzWbb0yqHsPDJw8veYPreszA6hsNYs7y+nKr0ldBJA1NIZF0wBz2jVLWPtu10ry+wpuI7sGHfSNnT6zOibEkdACPzddEJvSNxZCrpX8nenFUFThJV1ujBjrS3qvmw09X4SKXEmn2JHv62vAyOSL/Ohfl43+KED/zLVIEivQQYqWZGCTb0qfhTw5rWxK75RSdrJA/sLng1rCLgMsUD+l7ozBrm8HsDPuKet09xzXUehjMCTuuAzBG2O5ScQrvRVMlCCKdGYh1ia36aMFhkFfb5y15Ha0GsCX0jBcCjHPioxJIRYoV987063fxRdBW9MWn809omJIuOv4+vIO3creXaTGO+QyR2XGUU7GvgK41T0DrI4RbiYCHDcdxmWpjK/wAFs6GazxIrHiweFgAbLwSvELIlj8Kct9s8fbvR+hACfrGock0da74HpJqd96yhzV5n+TGNaDbUcYaHgKaIjUxnRgS7LrdEyIRWKBQz3biZg3IwPvsz4Jl1HPy9KJEXFOJVM2FEHhJvyi4sjphx3eoyGPYXEvKUYYivCmwXWfTOJD1tOYf2ooiPBydquknaeEqgUjmx/WKVrynWkXkx98/lANOreUgyiF9rmN9igvT+vsyXbXR/U2WtEarFxTTHAodezJUkspEjW1d49Y9RbUKyE1SHpz1vs7/csWktlO9hsKIh02MT9uqVOzPUlsEbVL848z2317gJtSRLSdAsQrs729fLFeZwO5lCnAOeytByQjYd+KqlfAENo1QlrCnK+ZQKtvrVsgKPA/or23IHf+GysdoL37WlNR+h+zQyxPTamO01rzxKyi7iKYbkGCNz5eKrMrEHE2hPTblUNOy6mNGpmr/wGJBmdNFWb7SAJcPN8nb5QcR4maSD46S/JYw4dBsr+TVtk4o5krSWdB28ZRwozMT4fiHV/Yy7Pfgi+rPZd6uIpHwNtYe9mH6kCvG0hF64Ez0hbEPaWTqdDegdB01fXQYMHX+av0O1TPAvvqU5zBVoO4szYKtIS66jjuAFLJ+hGgHhURpLcryLxt5v9SrqqVoE48SqXk4f+NwmI3nREst0XKAy/b7wx9eDhJjg7tXeo/qx9YIZpkrSVKEG1z8wWZKPRpgPHEDXIscWXr5UVWqNuQ+JxdSIdlAbsiVYmBceb5EKsfELtOv+nF1rhsv6IBKzLgUXr+kTWaowq/2MDbl/dHMbqOwGVym5sE+QQAsC/ZePQj1Y9j2JmS60aLzL1SbHtpSitKIoZBA1Ki9zfHYa8UL7OlBlFFiFfb6VTSlQ1FP9c6xixY7JAQAoObgOYte48HyWGhkBgERfeqQm23t6szHiQJql8O0QJp8sbygq8w6y8mf7JxMZ0ccJYTA9cRK/NW2HT9YCDcQOAKCSHkHtmPHMnJlXrJQhZmm2gWzDES00BDK6unBsOvlkOu5brpHK+MXkN6Xa9PI1eMRod8FXS4c+JM0kwtoc01lFL0+GA8/pUCdrBcC9NPJwK0DQUj6Tsdd13hA1cm17fMdUUTYojFFoidB/8NEbIrvpHw4GlYsogo0e7Sad39PCiEzsn6RS/lCh0uZoOuln2kaEZ93Zd9Y5/ay8e5Xd5o4I/rzYDzAvBBwpUWtEUQqmBDcoL3O84x1R3O/0bx5WnuXzF3U3KBtMFBiH25vvFZwCklzFf10+n+D5jXYEuOh9xGLjEc/H0KZP3kldKwqOebxuiy61XHCOy3dyL/yJIsX0oXIj2qyXNxgS/DZ8zfD3P0FG4JmVeiMkBnYHUIMWtZ+XCktpzgynKDfpo4rVmSiSrw8TzijPLTFZmZ+dFoz4dXFdJ+f9J9xxxNxmX8LoZrmE9o3LSbbOwejqoQZlPqArkiEVk0strhgW21lif27v8oUAg3Pmrq4swe1PxLgyJtE9sJS5vMZ9oj/tasi0ciEC94LM5qYsr5tXAQhwg/zVSXDr5PuG6pxl9Si4IGT/rZRhHgcOoBqrrpru0ODabIcyx/GIHgqHL6BurIkzzych5W49HbeSRqHa7LsPA8Axb7Z5L4zv+KW44eh9NaRLVRHnU66DjxQJwIw+cXvpqz2E9sCG8SHhb4rUGKG3yBjuE3kmCQhhRRJt9SK5UmrBNW3m97xdBMc8jI+9fwOi+SxkAxfPT6yVcSeFEtgc0XqbPHBFn+NDP6Rj3jW1WxhldXuPIH51gEzpF3gPoHjsfToRrL40+1bTczkd6Vq/BcaNqpHrWhT0g8s/o9qaqGNj/ZfXq23H7OgqyMEQXDCb0us2FxWf+Lh0EfOusrc5a7q/bDklN3sIwg7aA1snXbAfmGmqFKF6H/3coyCyNQH/k2MPcvorK66blOyKz1AjuMouki/z3lohxjJ+6Pv1BctETI6Fs+JXfAcCGBd2iElM72Tt9kEeHBo/oK+l4lKTlTfmjY7ruDSUX9DWs4+efrz8ubiL69IGeZ8454LOKMyAhEOORvqjoiWt5LzULNRFjObtqi6QX5t1uGDJZjWSZw1v12J4oyKjLyYwhSjKNeyIJ41oyD7CWCtdtVPnNcJuVaNRV85Wd3Aagt8G92MtxK+FvTkI3cZ2BGYKzRYR4v6CO0Hy9j/4NyvX8O6FHouokw6Fwf/0V/CpksdRxJg07VOotF8CZ7lLFtRGHeNoGGcDMB+XUSzypg7vqjhijIrDw9dbb/qPN8tQ09PFBVBsJUaRDTPtdLxhnCC5QpmKasVLRxN29scXIJy3DXUW2Cmw1GzCdkPfZ9S4iecyU9+nqL1zB7j/ZVVW/oG6CCAEjIaTDn0TIZ9X8daybgB0JcjFDIMKd2MYMgUJMgHM/x0mIChP7o8AKHG14cwHtXkatpvzHXgUl9ddFT7SWsyF3HxXqVuPdgWMSG+SyExZAIaO8F3Q4glQmsC+ypAsAzDq3HUdCB79OwLhRh0ucjRbSRDsDWuE+11tNDQbBDv8TrBpUM3prPmRvW4LpgOaU1V6flHTbgQ4ZjSepXt4XNKdZY3dlkiZinGBPU8H0Mgufhjyft7g767O+nLKT06pm81IoZ9/T4u0TZiPyZmrunIeFSi7Rcqu+2RHADZvXqQXnjgiiCDGrt867MVjgWXusSsrROU4Nzieib7AU54TUjzmUgsTv3yaeSOgQ6NGMT6U8nEX/pgTnGCsbjkmltWeVvhOxRi/lgIgAvsu8XgYITGU/Lu0gxX7gVGyk0vHX7yP06JKTw2HXN4MGpTdaRPyDClFW9sB","iv":"P2tN3dVml+beyFfE","salt":"40pDF7yFy3FmAfESzOkxcg==","algorithm":"AES-GCM"}	10638e54-e684-4d25-9fe3-c404ba85357a	https://dev--avatars.s3.us-east-2.amazonaws.com/ec0b6bd7-e49b-4d00-b01e-3fb21b44a380.jpg	alice	t	t	140e7184a7e2ec0b064ea205dd9583717d3ac2e89ba7a9f0d0fe692bb5efb28b	58bb890d28c7901b00f81a307de6d0a93163acb0fde1b01930415a19c877af74	f	2020-04-22 21:00:14.956
\.


--
-- Data for Name: email_verifications; Type: TABLE DATA; Schema: public; Owner: developer
--

COPY public.email_verifications (id, created_at, updated_at, user_id) FROM stdin;
f5af4f0a-cfe7-4bf7-97e1-28d8eb4b36de	2020-04-22 20:24:34.677	2020-04-22 20:24:34.677	e661f5dd-0fad-48b6-b966-ba21104f0e6d
cf46e67f-43dc-4118-95e7-0e21697cfb54	2020-04-22 20:28:21.341	2020-04-22 20:28:21.341	10638e54-e684-4d25-9fe3-c404ba85357a
\.


--
-- Data for Name: friend_requests; Type: TABLE DATA; Schema: public; Owner: developer
--

COPY public.friend_requests (created_at, updated_at, initiator_id, recipient_id, status, id) FROM stdin;
2020-04-22 20:59:54.367	2020-04-22 20:59:59.76	10638e54-e684-4d25-9fe3-c404ba85357a	e661f5dd-0fad-48b6-b966-ba21104f0e6d	accepted	fb1592b8-a96f-4441-b838-a5c1f2c4a31e
\.


--
-- Data for Name: friends; Type: TABLE DATA; Schema: public; Owner: developer
--

COPY public.friends (created_at, updated_at, friend_request_id, user_id, friend_id) FROM stdin;
2020-04-22 20:59:59.76	2020-04-22 20:59:59.76	fb1592b8-a96f-4441-b838-a5c1f2c4a31e	e661f5dd-0fad-48b6-b966-ba21104f0e6d	10638e54-e684-4d25-9fe3-c404ba85357a
2020-04-22 20:59:59.764	2020-04-22 20:59:59.764	fb1592b8-a96f-4441-b838-a5c1f2c4a31e	10638e54-e684-4d25-9fe3-c404ba85357a	e661f5dd-0fad-48b6-b966-ba21104f0e6d
\.


--
-- Data for Name: invites; Type: TABLE DATA; Schema: public; Owner: developer
--

COPY public.invites (id, created_at, updated_at, phone, from_id, to_id, status, autofriend, key, nickname, email) FROM stdin;
\.


--
-- Data for Name: login_data; Type: TABLE DATA; Schema: public; Owner: developer
--

COPY public.login_data (id, created_at, updated_at, credentials, preview, user_id) FROM stdin;
7b2ea1a2-38dc-441b-bef2-78dd63fd3e69	2020-04-22 20:33:55.809	2020-04-22 20:33:55.809	{"ciphertext":"iXachmM2DyPYcs8N7RummjUo0a5+Qz1gihcZ6dt/uOT7UvoQTzp8ctCTPrWQumYWpAbteG2swBI5+4TznvqAVmFv1IXMqCnsNUG0SrapjvuzH9aYTjYXRLvrzCCYd7IPxGmt52NyR9qNouaG3W5+FEsjBJe+X+D4J0s=","iv":"IBVDlz4h15Eeodmn","salt":"SUfyR1gYWZANkht9322LLQ==","algorithm":"AES-GCM"}	{"ciphertext":"BEzObc6dDJoW/QnkvgbNMJLnkVMQ60gX8zwYbBloSSmM8RbEPQu/uw6R7vIIUMaeXMrJouI1Z90=","iv":"ttdAt7iD6hRjK17u","salt":"yv8HG4zQt705yoSAx6UE5w==","algorithm":"AES-GCM"}	10638e54-e684-4d25-9fe3-c404ba85357a
fdc9fd9f-ea9c-4ddc-be44-4f7c88ce2e0e	2020-04-22 20:34:15.656	2020-04-22 20:34:15.656	{"ciphertext":"T9+WTJXi8C72wZPRzvgYE1xlT+1TzIv/7iCk1xENNrPPjL1lIJtU+sMOVKwd8S/sDDsaAPK0x9IlHXY8x/2B85bVuUlBdxEQa3gWckaV5PiKRDg79BQ0hK6lJPrSu7LE/+GG840LWbISkMKP59rJVkLENYlsoQzVaQNhHdk=","iv":"oH+TtA+7EBduQ05f","salt":"X5VGYiz4cPmTSJGsvqmpZQ==","algorithm":"AES-GCM"}	{"ciphertext":"zhF+SKKmYEh0iFgeMcn2i7LFrTA5WcHjPIKVYbhMB/xRoh6ns15SCdweCx7HdfPPVDWtcjTHXfq+","iv":"Yc0KpDpQTtTK2GWL","salt":"R20f9o+Zh0JGVEcoitcCsQ==","algorithm":"AES-GCM"}	10638e54-e684-4d25-9fe3-c404ba85357a
\.


--
-- Data for Name: invite_login_access; Type: TABLE DATA; Schema: public; Owner: developer
--

COPY public.invite_login_access (login_data_id, invite_id, created_at, updated_at, preview_key, credentials_key, status) FROM stdin;
\.


--
-- Data for Name: login_access; Type: TABLE DATA; Schema: public; Owner: developer
--

COPY public.login_access (login_data_id, user_id, created_at, updated_at, preview_key, credentials_key, status) FROM stdin;
7b2ea1a2-38dc-441b-bef2-78dd63fd3e69	10638e54-e684-4d25-9fe3-c404ba85357a	2020-04-22 20:33:55.815	2020-04-22 20:33:55.815	{"ciphertext":"fcmC+2wC6GtGyt7G2I5GspsW8ZxPTUAXv+cd3YMr8uoHK/u68DAuh6bL+vPfC53kFB/5+pEoy06iqz/XpdkIJZEIWm21VJOlWWZMo7COg9v4ep+fKbNI520LXI6c7YwMlY7xYiK3CJPKmNW7Z8di2vE5Sf2Lx+/8PxD/U8+0WMy7OTbJxrDq9A/jgXbdJ+cD2uPdeO3OWPpeNFacL17IkGc0Tiwbsk0gW56Kd0LyTSXCjnA8c1rVvyx/RiXVt95CbRX2DjPzkDFO+8ewqiT4mF5PH3970l4C/j6HU4uZ0RtMad6TQDHT2RdTR/anBcF+qeaY5J8EIDoHq158EAcjrX0RYAaUIo/SF+LQQvnhkImItL+RzllkWkKBDL4ohziMlpzel9/xsQXpOrpIFTswPpRzMIWsGV8F54YbOK8LVD1Vy+k9T1N3waUYKU5cpVS79Q2LuNGGdiv8HBJ+Rwq11tHbgLZJsGua78is0WKzOEL+LskWbl9g4z722ddzvwLMoBq0VIlbdGmgIInhgB1+7aeKswyHdRW2/mUnVAhP95ytsvUSzH2XqtgVS19TnY9oR+48mmv6oY8gd0Ws+6/p3SaTwZcb9J14tyB3H7fhsaK/npistswpBSxDCmC52BTWGKF1zqJKuP3YCCI4qrprn9pMeXS/YN+nHHVapvxi8n4=","algorithm":"RSA-OAEP"}	{"ciphertext":"EshlHGhuW3QqT4d0lCWlBquAH8GCy1BSh4Nr/x+c9qZ2JQEDwKS8rRG+sloj18mIS6igIQEi8JKwtoNFIvxkHepwoCdXKU1AW1SgVfEMjbinG6aPzXCFOty9oGgRVV9J7gVBbrpY74J7wJjIP8XYGK+sRFbtFpzj/Pa1WN3AlDskRWr7Qb45Y0FCcpeoSTor8sgbUQbt4pqwQM1LDaptfnYIigjH/P9aZoqltuGu2aWTpXjtg4KFomk27hy6mB1Ik7pGUb6bOq9RaxQKnzNjar5j41wTmHp86SEFNM2SxDka+pzCSx1px+PWwIx6XkYXrq7ay4HGfJTwM9o5oJ6f3WRY7hBOynzkdHcZWUxxex+B04McMafuO415o7BH/FMBZdh+awjeMn4fZJJ1yS/ziFNltZRoW38Q5EQ08DIQsmARC5AjVnk5u6RejkTthGZ1+OHtx6MIcF9dNWlal4SkqbE70ZyfPpBurGSLsk7pAeBTCCGTjV+C55IbOFLrosu6uOIMlubXkGuwg8bIUYzCzX5HqMDiEfjkOrHqxrLyuavpWA2fhoc0BI3yHswVvnB5P3MJ4kIcksO15jmSPv1UQ42gvmo/0qSvyIG0xsu5rFEpsGFkSsxpqhcgbay3p1KoAno7DdRnmw24NIbgU3pogozZwmWlN2cvAU3yrdOYtZM=","algorithm":"RSA-OAEP"}	manager
fdc9fd9f-ea9c-4ddc-be44-4f7c88ce2e0e	10638e54-e684-4d25-9fe3-c404ba85357a	2020-04-22 20:34:15.66	2020-04-22 20:34:15.66	{"ciphertext":"BfAGwStLGVJW8tiktzuXMJ9G68Elyu9PHaRrb+ZSxbayVyONzTE2utZ/8nxMS8WAXwaDwM9iXimfoomwbLZc2b5KnikQScf9UrXLdd9uDMLIQwKKF8sAnsuvjrgL9Av/Lhp9667XLxm1WvzVyE30OyaKDV1x3dDKCO7pAnY1/p1Awd7MINGNcl7o2jEidM4Bx4nkSMf6UjpTnk/R8DPdAKaWe6DfL13qVOXfRSpGr1tduJFutCND97bjCObvS8mwAAMEwWgA18iBOWY8YOoI8PCp48Fu7e8f1h0sUV1ZEQmhzbEJPFgkLxPCWv+BaLFuMNwsWE/c846OnKUw2koRu0dmXTHRI1WXbNtyLLH+r+RkOXSMxqru6Jkcj+2g+E30BP3k2+KudtVM8Rh4R/qFk7Ex7QWnJkcv1Q+L6zqTUEqi3UKcHgNNhGc3lNDSZQSHSWHygOAw7AIOjR6ijb17eKBZm6L45JaDFQ0y37BNCkopn7+0DE0t69xKgWR9rKMoRRyHDYcWtBr31ZR/VSaK6WyW8NMNIrXrR3FnFjXP9s0feClARFP4bgBxoGA535Ic5UqhMM/JW6dG40q6zUAS3wYdKrJLQTqQ3i4MV7AHGNhY6bHsPte2IEkDqIm5bj0KlgbCu8CKarFtVOzQtCkm13IdiqkVuTfUFGQ3ncQpNv8=","algorithm":"RSA-OAEP"}	{"ciphertext":"ZWaAHqdvPSrNZo3i2DtBjtbEfdI6wBjMGmlhJAN1EiCZ5Lvsg6cRH77iUSyyuDB5/3VnpgUQn5EeKNjfhUr4ft1WhSem1BmSfkM5SVpiYyIprffpWTtyv5Si+i3gdxyPi9YQCC3AdSK5RSgJ9W+j2qcM2Z7x3YuoIDuB9MsntyLzD6YE4fOGdLPqG2QwpCDGznGC51WkG3mCd0ZVMd0pRnnQEeW5I9cLtg5yGcssmJS3OllNBl8cxy2o0t9KArWbqgSWa3mrIPyisuR5nkUAM9RSb59QT2SnJcPj3o6Ot5Iu5tICofc30ZxFGsRt8NxvBwtP/rREMTMl+mjlcHvDDQVMkVnJZ+8YvcS70EyCn/NAUeAWHp9m6X03cJ6uRrs34rQ7RF9hnDL1Ucy6MI5iXqL1EcPneI+tovhzqaYIAiBrZgqbrosO2rqpRnIY074rRfMXt09QCKBgErJB8A/iO67vk6hYSjxHX5uSqB228SQDm6yWqynQVDnupav9Rwxlg7qMSKZfcOU4ikfCPb3iQfw+ApV5ehZvZdAGUB53gPGWNnHg8+rCx1jxCX+sEQ7wor8xp7uUPJgG3vLK7xHHIRqaE1+cPGxHOfHqgq1jGWyl7XTxKnmei4B8lFdfVwrmI5qEEAW2D0i23It1MB/dKYmtc2uEMPMjv2tNq1qWrzs=","algorithm":"RSA-OAEP"}	manager
7b2ea1a2-38dc-441b-bef2-78dd63fd3e69	e661f5dd-0fad-48b6-b966-ba21104f0e6d	2020-04-22 21:00:07.803	2020-04-22 21:00:07.803	{"ciphertext":"Oog5TsTf5Jr8Pf1DoPlvJavn17xdcBydsqEdjgTilEbbVzFB13LYHbupMoGNvA8gyYUyk96n0bEPn/UQAYpL3O6+KH+2T4yisTwjFUMSW/Hz8277uaJsrBistjydnalvBv8pYSVzWGLrKNqotd+MUn5G0B2esct76pnTsmhtUb4wtfNNiBuKJfl7TkabgchqOmPmurcqLo72qc4zHQZFVHLUH0G4TLHj/s/MRerSFoPsHAQsB3A9T0WxULiRyK3AwTmywc7iNj458MD5YeByOcbuO6nmzf6elK276tyC2jhm5z3+mczQIZLQ/HgC44qoy0KRbFJhWDS7530A5Op/mlwQPrDo/K8OtsVSL2vPhcsUmQAZkbvqDYw8CBRcW7BWCO9MZKlFCW+2HabjberdI2S0kPIal9+XUagbE7VhlrxTM9Uun+DPw5Rkw++YJ0ymy5u7NemNvFf1bzdFOqfKzufAL3ZWAZqbQxE4YLAcdR1qGA9Igea0i+WE1Awcr4J+/SpDkifDwfE9STQXuxsfvfJOkO9hF38/tP2Ks7mGtiOjgf8d83vNtPn5BfYituspiKDl/DTCg4ltilZeQe7m99+RsXzrHnzSXHiFuTF6JNVYbXmAzD5gXzbbKKxhxAuwTT4s17XwyGCbOVZvlsEYIGoZAlo5/ldC6uv7wOCYnFA=","algorithm":"RSA-OAEP"}	{"ciphertext":"W29osfZSONZc4nr5tvDJ836ik7PhCBHDdyn+mF7NEYtjBU9aknEgUT4do828orVzIkqdwpbFgV0Axpu6U5NHvRAFqRfOda83u6KmZdza1oPshCUbHRjZiWX3n2/0XxAQMqSE+miIolRzlPUfFgiT0htW1l48gKwYwnyBOdwKR8Tjdlx7MO0PdE5XSIBkpSxF6RN5XJbR0FEQRtN44PrbwPDAtmN8sXk8KUWEPhzt2Ug96C/+7/baprOoRMSl0dyfupprkIn8t77GkSXJ9evIEJsFPy8p/iR6TmptV/12YMrkeQ8yJlyMX0m6U0rhOhL42G3HonuymJV/U1FIWcTXpO3Q1BfM8ZsBGWiWNavzGIp8BLVVLlW4ExxaVueT5PLefoYgzhuOQik8HLeNgCw+1X2/KyfCKbu8QErTGuvZMz+1DNy/Api9RCQTFS6P7qoJDHR3FsKaeKdK2pBiw3kpkwa+h0xfr5ffk1d0/pdfAEVOdrtI3w+Ixgh31ODP/qY4eFqrE5UheuMR7F0xcibN0gOlrA5hEuUN4XrHKhZjtsfotRPso/I0AP1HzDdO/KNuVPsjP0fAacRxlj3XIjITI6vQ4cKmdmp12oeeiy03Zr3Azu7ODlNCtVILiE4DpaH2bMebdyOpfaw8OQl1sb6BbS76xAR3zANT7azIhAM8K3w=","algorithm":"RSA-OAEP"}	offer/pending
fdc9fd9f-ea9c-4ddc-be44-4f7c88ce2e0e	e661f5dd-0fad-48b6-b966-ba21104f0e6d	2020-04-22 21:00:13.614	2020-04-22 21:00:13.614	{"ciphertext":"IVuFiYJHgyJHrG70Sx6O1NVJCAehiaAhI9UDgeQz0gwJ7/18DM+H6DPs6Qz9ychHzuN9Czz7UhEmbBm9vCxyjUjalLA+KvFWh9u1KZn8F/rHukCMnUI61lpAgwMs9+WoK+iPXb3tWgs0wIRU4WJJt8ArFLLqXG5o2UUSUEpiQqmW4Akjx+l/NcWhUmkxHqOBE+630G6u1QzzfndFCiNMB1qv+TC73ZFeYd+jvf5EJcs+3da9v2O8hXcAV3Nnz3S1ryqrsJSCjl+sfn+eBi2PauRmfSVB40DPl4CB6ORgg5WTXwD7f1vLDka3Zabc/9iCHXk5sweZz6yYYno7BlrFfD9AxYQAveU8IEvkf/P4AEH94cGMKw3r4hThdMYwbHdoI1+qMGMLpwVGNoLdFiwsveHCt1cf00QxgaVLC0yuxmffelJwW/kMcoX/2uw4Q+8CYqbD6RJTjdcIFlZQWyY9UzNRWRVJeZIo+HdBmvDpAQgnKQYzQy0IVyrXmTqXr2EmuqE7vioOLWY95zwsgoDF2CUQ5f3mFLVSeByh3lsBF/aQpGou0Ia112fErFqT+KC2j9F2Pm67yPG4DwDIMGsNp8OwcAy/A1qN6ZKDySghZRxoVOmMsSdBC4tTsZt9rNL7pTzOLZx0QG1JpzWI3PZyMmkPV++KCosUMfeEGGLaXNM=","algorithm":"RSA-OAEP"}	{"ciphertext":"Otksidn5M+zaaHIpQj8Jwka7OH5FZDcfFO4MP/Gh7OxIt480IE5RKdC35BZJjTj05oc5OKuR8ke0Sq3IhuQUMH574N9JPXU5iOqNA/rSFXLi+po4CWsGezwIa3Osrz2V3f3Susjr+F7O96bI4iD3qgdKbzRNOxCTQj/PKMsyXK3DthMzAAfNUnYNbgRXXVd4Uf9msIhZgTWYS2/oIg+vF0vW3e9HDpM1DhRHeGFDeP+CvpopeV/Qa3kWlWhMPQ8g3+qnkvOASP3Kk5jW/XFUWj1tQogljCwpcGSQqfle+GM5j+zvN8QmySQnHBW7dyra0+8LZ0ociPPqq+MglVvAE/EFj51UfHbJMT93Kpvmb7ZxJf5g60oxN+EK2dHzPd/4BfhbHorxjGvqSAwFZvNgutsaToVXfpMn5YaZmy1e3mBpjG2i7PpJPintIQhbRws6pdMYCdxMyY4ex5rVkpm+WNCHSil/Ca50mhsqTysAzefa6XmvOQvCitSTRVA/vYAerVTqxPAT+ZJW9uIwmT3Muot1yLEGfEUYwn/nBMbo4ZTbSaoYS0HRUPIpFGR4a99NGdyZUrp51RMcagVgZQdLsXXfNcN7pCtoZ2qN18bvCxn2U1JKuro2U/tZFUSXOi3NtxWdMG4tw3gEilXTyGBOmlPn3ZCPT5zQfgfZ2qLd2nY=","algorithm":"RSA-OAEP"}	offer/pending
\.


--
-- Data for Name: srp_handshakes; Type: TABLE DATA; Schema: public; Owner: developer
--

COPY public.srp_handshakes (id, created_at, updated_at, client_public, server_secret, session_key, user_id, session_wrapper) FROM stdin;
cef988cd-0160-4489-b4e5-dd86154709dd	2020-04-22 20:24:34.694	2020-04-22 20:24:34.861	1b60875bce5b0257abfc8e94c9c2eeba46fb585e52f561c5d865bff20af2bd40cd81367e29286c0cffb91f3f64d8202f3da444791000afc73d6542ef473ebfe0a87f90e7ca31a1b4e8524369583d3d0bdee9fa5e7111d886e185ab483d978ebf2396c8b56f086dc028054aa804dd632700accd4821881c7ad51df4f7dcf7fb0b907d63a8b0880da076295312da876dad16dc06ef2c6870305675fd5a9f4259ff88b416b1920efd68d201108f92853672f126499065d8c0a34136bbf99edf194ae1c7d27ea65ead23c6301ad28e4bc0ca871448ece259498a3d0dd89617e9dbea31384c6ef64aaca0224051e9ab2ba8866d5a26ac129fb999b0ba2b85b7c8f947	1bc7d9c5c43324794fabfd887442600cc000da041be8e2a571b3d3783b189d20	9c8a457ca516de91247aaa9a95b6e8459a9a34daf0e4662ca936021379c2a330	e661f5dd-0fad-48b6-b966-ba21104f0e6d	wIR1AmvAvurTDVyI2FkLNyHzxskgsxb97kSu4dWf+N0=
cf440b62-6350-4f03-ba06-4b4e1302ec6d	2020-04-22 20:28:21.393	2020-04-22 20:28:21.559	5f77caac5da36f20b5b0041226b318f362b41921396cd9e62ecf0689ac3b36e363b6aba747a4701a8bba60b53287edc7c94b67dd4aa23fdc9cb14fae1f9074fb375e2673daf33a9056a27114d33a90908baa99b5c45e8d8cbadee33786bcb309dc57dee2a036b1c9e21c2bfbaac6e9490d443a7d7054d9cb652a1ff75937d69c84be2bf3519c6f1972066a230c4d0d36f279786ac5120ac2e0a2c7d2f1172b89eeefb73ccfaf4b6cbd8b21a392a43ad143d967b5675495eb6facf965b9ea44a274dc65d20f58c12b4b95c556f60f501226404fba6cb0ed5349a448a6c97c297bc96ed6c02fe44a38ea2b94e8b09231965fc7fc27eed8e36da425fde4b3e353f2	d339aea177f3c98fb7973caf30ee1878b6c4e9992b22462de656f11e12547b70	40e27f62c523205ef992de3b07577e08c54468c268705e3c542bb4603b83bef0	10638e54-e684-4d25-9fe3-c404ba85357a	Kfq2eb3wzGme00q7Tc2As4vnIwyuCTV/c73kwrtIWk4=
\.


--
-- Data for Name: waitlist_entries; Type: TABLE DATA; Schema: public; Owner: developer
--

COPY public.waitlist_entries (email, created_at, updated_at, id, status, email_sent_at, email_confirmed, first_name, verify_email_secret, verify_email_sent_at, unsubscribed_at) FROM stdin;
\.


--
-- PostgreSQL database dump complete
--

